2.9.;3.9.;8.9.;9.9.;10.9.;16.9.;17.9.;22.9.;23.9.;30.9.
;Sugar Instrumental 1h;After Ceremony Mix 2021;After Ceremony Mix 2021;Disparate Youth;In Da Club (HH Dirty Intro);After Ceremony Mix 2021;Stereo Love [Original Version]/Original Version;Layla;After Ceremony Mix 2021
;Sundown Live Mix 2017;Sugar (feat. Francesco Yates) (Extended Mix);Alors On Danse;Heart To Heart;Frag Mich Nicht (DJcity Intro);Shed A Light (Extended Version);Shed A Light (Extended Version);Shed A Light (Extended Version);Shed A Light (Extended Version)
;Shed A Light (Extended Version);Shed A Light (Extended Version);Uptown Funk (Intro);Musik sein;10von10;07 Are You With Me (Extended Mix);07 Are You With Me (Extended Mix);07 Are You With Me (Extended Mix);Sugar (feat. Francesco Yates) (Extended Mix)
;07 Are You With Me (Extended Mix);Dopamin (Extended MIx);Sugar (feat. Francesco Yates) (Extended Mix);Hall Of Fame [Original Version];Be A Hoe/Break A Hoe (DJcity Intro);Sugar (feat. Francesco Yates) (Extended Mix);Summer (Extended Mix);Dopamin (Extended MIx);September (Eric Kupper Remix) (Clean Extended)
;Anthem;Sun Is Shining (Clean Extended);The Black Pearl [Dave Darell Remix]/Dave Darell Remix;Remedy;2CB (DJcity Intro);Supergirl (Alle Farben Remix);Sugar (feat. Francesco Yates) (Extended Mix);Manila;Billie Jean (Clean)
;Fireworks (Extended Mix);Omi - Cheerleader (DJOK! Classic House Remix);Young Right Now (Extended Mix);Blinding Lights;After Ceremony Mix 2021;Sonnentanz [Original Version];Show You Love (Clean) (Extended);A Sky Full of Stars (Robin Schulz Remix);Easy Love (Extended Mix)
;Praise You - Purple Disco Machine Extended Remix;Came Here for Love;Sun Is Shining (Clean Extended);Empire State Of Mind [Jay-Z + Alicia Keys]/Jay-Z + Alicia Keys;Frag Mich Nicht (DJcity Intro);Sunlight (feat. Years and Years) (Radio Edit);Bob Marley - Could You Be Loved (TJR vs Olav Basoski);Sugar (feat. Francesco Yates) (Henri PFR Remix);Fireworks (Extended Mix)
OMI - Hula Hoop (MIKI Instrumental);Moth To A Flame (with The Weeknd) - Extended Mix;Pepas;One More Time  (12 Mix);Fireflies (HH Clean Intro);Clocks (Cristian Poow Nu Disco Remix) (Extended);Lola's Theme;Stevie Knows - 7th Heaven Remix;Get Down Tonight;Ride it (New Cut)
On the Road Again;Ain't Nobody - Instrumental Dance Mix;Manila;Blinding Lights (DJ ROCCO & DJ EVER B 117-85 Transition) (Clean Short Edit);"Love Me Like You Do (From ""Fifty Shades Of Grey"")";Shed A Light (Extended Version);Prayer In C (Robin Schulz Remix);Lola's Theme;Ain't Nobody - Instrumental Dance Mix;Omi - Cheerleader (DJOK! Classic House Remix)
Jump (For My Love);Get Down Tonight;Hallucination;Empire State Of Mind [Jay-Z + Alicia Keys]/Jay-Z + Alicia Keys;You Can't Hurry Love;Shed A Light (Extended Version);Fireworks (Extended Mix);Blinding Lights;OMI - Hula Hoop (MIKI Instrumental);All Around The World
Sweet Nothing (feat. Florence Welch);Clocks;Young Right Now (Extended Mix);La Cintura;I Don't Care (with Justin Bieber);07 Are You With Me (Extended Mix);When Love Takes Over [(Feat. Kelly Rowland) (Original Extended)]/(Feat. Kelly Rowland) (Original Extended);One More Time  (12 Mix);Unbezwingbar;Moves Like Jagger [Studio Recording From The Voice Performance]/Studio Recording From The Voice Performance
Physical;Sun Is Shining - Extended Version;This Time It's My Life - Extended Club Mix;Copacabana (DJ BLIZZ MIXSHOW);Levitating (Intro Clean);Infinity;Clocks (Cristian Poow Nu Disco Remix) (Extended);Levels [Original Version]/Original Version;Traum;Cry For You [Dave Ramone Extended Mix]/Dave Ramone Extended Mix
Disparate Youth;Unforgettable - Alle Farben Remix [Extended Version];Cry For You [Dave Ramone Extended Mix]/Dave Ramone Extended Mix;Macarena (New Cut);Play;Adore (David K Remix);Sun Is Shining (Clean Extended);Destination Calabria [Club Mix]/Club Mix;Blinding Lights - Late Night Piano Remix;Lola's Theme
Hall Of Fame [Original Version];When The Beat Drops Out (Florian Paetzold Remix);Always - Alle Farben Remix;I Don't Care (with Justin Bieber);24K Magic;Oxygen (Clean Extended);Oxygen (Clean Extended);The Race;Disparate Youth;Young Right Now (Extended Mix)
Blinding Lights;Love Me Like You (Do Santoz ft Jonas Parker Remix);When Love Takes Over [(Feat. Kelly Rowland) (Original Extended)]/(Feat. Kelly Rowland) (Original Extended);El Temperamento - Spanish Single Version;Ain't Nobody (Double A ReDrum) (Clean Short);Sun Will Shine;A Sky Full of Stars (Robin Schulz Remix);Rain In Ibiza;Heart To Heart;Sun Is Shining (Clean Extended)
Empire State Of Mind [Jay-Z + Alicia Keys]/Jay-Z + Alicia Keys;Perfect - Robin Schulz Remix;After Ceremony Mix 2021;Null auf 100 - dB Extended Remix;All Night Long (Heavy Hits Quantized Edit) (Clean Short);Young Right Now (Extended Mix);Outlines (Radio Edit);Clap Your Hands;Wir sind groß;On The Floor (Ven a Bailar) - Bonus Track
You Can't Hurry Love;All My Life;Oxygen (Clean Extended);Norderney (Stereoact Remix);Hypnotized;Null auf 100 - dB Extended Remix;Ain't Nobody - Instrumental Dance Mix;Pepas x Danza kuduro;Blinding Lights;Pepas
Levitating (Intro Clean);Sommersprossen (Insturmental Mix);Moth To A Flame (with The Weeknd) - Extended Mix;Friday (Dopamine Re-Edit) (Clean Extended);And The Beat Goes On (JEKEY Quantized & Remastered Edit) (Clean);Dopamin (Extended MIx);Get Down Tonight;Pepas;Empire State Of Mind [Jay-Z + Alicia Keys] [Explicit Album Version]/Explicit Album Version;
24K Magic;Wenn du schläfst - B-Case Remix;Kackvogel - Original Mix;Blue (Da Ba Dee) [Video Edit];Fireworks (Extended Mix);A Sky Full of Stars (Robin Schulz Remix);OMI - Hula Hoop (MIKI Instrumental);Lady (Hear Me Tonight) - Darren After Remix;Ridin' Solo;Lady (Hear Me Tonight) - Darren After Remix
;Sun Goes Down (feat. Jasmine Thompson) (Extended Vocal Mix);Good Morning - Just Kiddin Remix;After Ceremony Mix 2021;Omi - Cheerleader (DJOK! Classic House Remix);Clocks (Cristian Poow Nu Disco Remix) (Extended);Pepas - Robin Schulz Remix;I'm Good (Blue) (Intro - Clean);You Can't Hurry Love;In Your Arms (For An Angel)
;A Sky Full of Stars (Robin Schulz Remix);Take It Easy - Original Mix;This Girl (Kungs vs Cookin' On 3 Burners) [Extended];Clocks (Cristian Poow Nu Disco Remix) (Extended);Aint Nobody [Instrumental];Die Reise - Akustik Version;Infinity 2018 - Extended Mix;;She Wolf (Falling to Pieces) [feat. Sia] [Ambient Version]
;Came Here for Love;Riders on the Storm - Original Mix;Hey Brother;A Sky Full of Stars (Robin Schulz Remix);Get Down Tonight;Unbezwingbar;On Repeat;;Without You
;Oxygen (Clean Extended);Acapulco (DJcity Intro);Herzbeben (Extended Mix);;Sun Is Shining (Clean Extended);Blinding Lights - Late Night Piano Remix;Despacito;Fireworks (Extended Mix);A Sky Full of Stars (Robin Schulz Remix)
;Rise (feat. Tasita D'Mour);Coco Jamboo - Calippo Remix Edit;Ab in den Süden [Radiocut]/Radiocut;Protectors of the Earth;Sugar (feat. Francesco Yates) (Extended Mix);Disparate Youth;La Cintura;King;Lovers on the Sun (feat. Sam Martin) (Extended)
;Stevie Knows - 7th Heaven Remix;Sun Goes Down (feat. Jasmine Thompson) (Extended Vocal Mix);Holland;The Race;Omi - Cheerleader (DJOK! Classic House Remix);Heart To Heart;Aserejé;Krejt Dashni;Levels [Original Version]
;OMI - Hula Hoop (MIKI Instrumental);Infinity (PRETTY YOUNG Remix);Miami (album version);Desce Pro Play (PA PA PA);Unbezwingbar;Musik sein;Around The World (Extended);Candyman;Bella Vita (DJ Antoine vs. Mad Mark 2k13 Extended Mix)
Clocks (Cristian Poow Nu Disco Remix) (Extended);Disparate Youth;Because You Move Me - Extended Mix;Pepas - Robin Schulz Remix;Tomorrow Can Wait [(Club Version)]/(Club Version);Disparate Youth;Hall Of Fame [Original Version];Let Me Think About It [Club Mix]/Club Mix;Lola's Theme;2012 (If The World Would End)
Dopamin (Extended MIx);Heart To Heart;Discovery Channel - Extended Mix;Disparate Youth;Ententanz (Dance Little Bird);Heart To Heart;Halt dich an mir fest [Duett Version]/Duett Version;I Know You Want Me (calle ocho) [Extended]/Extended;Clocks (Cristian Poow Nu Disco Remix) (Extended);Happy
Around The World (Extended);Musik sein;Der Kommissar - Mousse T. Remix;Hall Of Fame [Original Version];The Bad Touch;Hall Of Fame [Original Version];Remedy;Levels The Good Feeling (DJ EU Bootleg QH);This Time It's My Life - Extended Club Mix;Take On Me (Remastered Album Version)
This Time It's My Life - Extended Club Mix;Hall Of Fame [Original Version];Sugar (feat. Francesco Yates) (Henri PFR Remix);Happy;Dished (Male Stripper);Wir sind groß;Wir sind groß;Love Tonight - Edit;The Bad Touch;Blinding Lights (BPM Supreme Break Intro) (Clean Extended)
Young Right Now (Extended Mix);Wir sind groß;A Sky Full of Stars (Robin Schulz Remix);Take On Me (Remastered Album Version);;Blinding Lights;Blinding Lights;One Kiss (Denis First & Reznikov Remix) [Extended Mix] (promodj.com);Stayin' Alive - GRAYMATTER Remix;Empire State Of Mind [Jay-Z + Alicia Keys]/Jay-Z + Alicia Keys
Unterwegs;Blinding Lights;Stayin' Alive - GRAYMATTER Remix;Blinding Lights;Candyman;Empire State Of Mind [Jay-Z + Alicia Keys] [Explicit Album Version]/Explicit Album Version;Empire State Of Mind [Jay-Z + Alicia Keys] [Explicit Album Version]/Explicit Album Version;Welcome To St. Tropez [feat. Kalenna] [DJ Antoine Vs. Mad Mark Remix]/DJ Antoine Vs. Mad Mark Remix;Traum;Clocks (Cristian Poow Nu Disco Remix) (Extended)
Ticket;Empire State Of Mind [Jay-Z + Alicia Keys]/Jay-Z + Alicia Keys;Around The World (Extended);Play;Lola's Theme;You Can't Hurry Love;Fireflies (HH Clean Intro);DJ Got Us Fallin' In Love;Wanna Be Startin' Somethin';Shed A Light (Extended Version)
Hello (Club Edit) [Club Edit]/Club Edit;Fireflies (HH Clean Intro);OMI - Hula Hoop (MIKI Instrumental);24K Magic;Hung Up;Levitating (Intro Clean);Übermorgen;Can't Stop The Feeling! (Erick Decks Club Rework);Hung Up [SDP Extended Vocal]/SDP Extended Vocal;Stayin' Alive - GRAYMATTER Remix
In Your Arms (For An Angel);You Can't Hurry Love;Unbezwingbar;Ain't Nobody (Double A ReDrum) (Clean Short);This Time It's My Life - Extended Club Mix;Play;Levitating (Intro Clean);Sunny (JEKEY Quantized & Remastered Edit) (Clean);Around The World (Extended);Acapulco (DJcity Intro)
Million Voices;I Don't Care (with Justin Bieber);Disparate Youth;Infinity;Get Down Tonight;24K Magic;24K Magic;Taki Taki (BPM Supreme Edit) (Dirty);In Your Arms (For An Angel);Hallucination
The Rhythm of the Night - Extended Mix;Levitating (Intro Clean);Heart To Heart;Clocks (Cristian Poow Nu Disco Remix) (Extended);Around The World (Extended);Ain't Nobody (Double A ReDrum) (Clean Short);Ain't Nobody (Double A ReDrum) (Clean Short);Blinding Lights (BPM Supreme Break Intro) (Clean Extended);Fireworks (Extended Mix);Unbezwingbar
Infinity 2018 - Extended Mix;Ain't Nobody (Double A ReDrum) (Clean Short);Blinding Lights;The Bad Touch;The Riddle;All Night Long (Heavy Hits Quantized Edit) (Clean Short);All Night Long (Heavy Hits Quantized Edit) (Clean Short);As It Was;Lady (Hear Me Tonight) - Darren After Remix;Blinding Lights - Late Night Piano Remix
Good Morning - Just Kiddin Remix;All Night Long (Heavy Hits Quantized Edit) (Clean);Empire State Of Mind [Jay-Z + Alicia Keys]/Jay-Z + Alicia Keys;Null auf 100 - dB Extended Remix;Sounds Like a Melody - Extended Mix;Hypnotized;Hypnotized;Dancehall Caballeros;Wake Me Up;REC-2021-12-17
Until I Found You;My Name Is Lincoln;Remedy;Lovers on the Sun (feat. Sam Martin) (Extended);Rise (feat. Tasita D'Mour);Candyman;Infinity;Do It To It - Zedd Squid Game Edit;Good Morning - Just Kiddin Remix;Pepas - Robin Schulz Remix
PHOTOGRAPH (RO´S REMIX EDIT 2K15);Protectors of the Earth;24K Magic;Wake Me Up;Manila;Lola's Theme;Clocks (Cristian Poow Nu Disco Remix) (Extended);Lovefool (Extended Mix);I Wanna Grow Old With You - Westlife;Fireflies (HH Clean Intro)
Can't Stop The Feeling! (Erick Decks Club Rework);Candyman;Ain't Nobody (Double A ReDrum) (Clean Short);Let's Get Loud;Let's Get It Started (HH Clean Intro);Hung Up;The Bad Touch;Head Shoulders Knees & Toes (Clean Extended);Celebration;Übermorgen
"Don't Stop 'Til You Get Enough (Dj ""S"" Bootleg Dance Remix)";Lola's Theme;And The Beat Goes On (JEKEY Quantized & Remastered Edit) (Clean);Atemlos durch die Nacht (Bassflow Extended Main Remake);Je ne parle pas français - Beatgees Remix;This Time It's My Life - Extended Club Mix;Around The World (Extended);Macarena;Can't Stop The Feeling! (Erick Decks Club Rework);You Can't Hurry Love
Treasure (Cosmic Dawn Radio Edit);Clocks (Cristian Poow Nu Disco Remix) (Extended);Fireworks (feat. Moss Kena & The Knocks);Luis_Fonsi-Despacito_(Maribellos_Wiggle It Bootleg);Good Morning - Just Kiddin Remix;Clocks;My Name Is Lincoln;Upside Down - Dirty Version;"Don't Stop 'Til You Get Enough (Dj ""S"" Bootleg Dance Remix)";Levitating (Intro Clean)
Let's Get Loud;Young Right Now (Extended Mix);Ticket;Sch|ttel deinen Speck;The Black Pearl [Dave Darell Remix]/Dave Darell Remix;Wake Me Up;Protectors of the Earth;Like Glue [Album Version]/Album Version;Treasure (Cosmic Dawn Radio Edit);Let's Get It Started (HH Clean Intro)
Luis_Fonsi-Despacito_(Maribellos_Wiggle It Bootleg);Hung Up;Clocks (Cristian Poow Nu Disco Remix) (Extended);Everybody (Backstreet's Back) [Radio Edit]/Radio Edit;Lost on You-LP by Cubaneros Salsa Dance by MySalsaHome;The Bad Touch;Candyman;Protectors of the Earth;Let's Get Loud;All Night Long (Heavy Hits Quantized Edit) (Clean Short)
Phänomenal;Wanna Be Startin' Somethin';Moves Like Jagger [Studio Recording From The Voice Performance]/Studio Recording From The Voice Performance;Danza Kuduro;PHOTOGRAPH (RO´S REMIX EDIT 2K15);A Sky Full Of Stars;Lola's Theme;Uptown Funk;Danza Kuduro;Ain't Nobody (Double A ReDrum) (Clean Short)
Copacabana (DJ BLIZZ MIXSHOW);Cheerleader (Felix Jaehn Remix Radio Edit);On The Floor;Pepas x Danza kuduro;Can't Stop The Feeling! (Erick Decks Club Rework);Adventure Of A Lifetime;Hung Up;In Lifetimes - Extended Mix;Pepas x Danza kuduro;Hypnotized
Everybody (Backstreet's Back) [Radio Edit]/Radio Edit;Around The World (Extended);Ab in den Süden [Radiocut]/Radiocut;Sing Hallelujah!;Bella Ciao Hugel Rip.128;In Your Arms (For An Angel);This Time It's My Life - Extended Club Mix;House Party (Club Mix);Party Mix I;Miami (album version)
Party Mix I;The Bad Touch;Happy;Hulapalu (Harris & Ford Extended Mix);Let's Get Loud;Fireworks (Extended Mix);Show You Love;Sugar (feat. Francesco Yates) (Henri PFR Remix);Hulapalu (Harris & Ford Extended Mix);Around The World (Extended)
Hulapalu (Harris & Ford Extended Mix);Wake Me Up;Phänomenal;Welcome To St. Tropez [feat. Kalenna] [DJ Antoine Vs. Mad Mark Remix]/DJ Antoine Vs. Mad Mark Remix;Danza Kuduro;All Around The World;Wanna Be Startin' Somethin';Hello (Club Edit) [Club Edit]/Club Edit;Welcome To St. Tropez [feat. Kalenna] [DJ Antoine Vs. Mad Mark Remix]/DJ Antoine Vs. Mad Mark Remix;If You Really Love Me (How Will I Know) - Extended
Welcome To St. Tropez [feat. Kalenna] [DJ Antoine Vs. Mad Mark Remix]/DJ Antoine Vs. Mad Mark Remix;Unterwegs;Luis_Fonsi-Despacito_(Maribellos_Wiggle It Bootleg);"Memories (Featuring Kid Cudi;Extended)";Pepas x Danza kuduro;Moves Like Jagger [Studio Recording From The Voice Performance]/Studio Recording From The Voice Performance;Unterwegs;Omi - Cheerleader (DJOK! Classic House Remix);Levels [Original Version]/Original Version;The Bad Touch
Levels [Original Version]/Original Version;Ticket;Danza Kuduro;Welcome To St. Tropez [feat. Kalenna] [DJ Antoine Vs. Mad Mark Remix]/DJ Antoine Vs. Mad Mark Remix;Luis_Fonsi-Despacito_(Maribellos_Wiggle It Bootleg);Stereo Love [Original Version]/Original Version;PARADISE - FEIER & EIS Remix;Sun Is Shining (Clean Extended);Sing Hallelujah!;Friday (Dopamine Re-Edit) (Clean Extended)
Infinity 2008 - Klaas Vocal Mix;This Time It's My Life - Extended Club Mix;Pepas;Levels The Good Feeling (DJ EU Bootleg QH);Everybody (Backstreet's Back) [Radio Edit]/Radio Edit;PARADISE - FEIER & EIS Remix;Young Right Now (Extended Mix);Sunlight (feat. Years and Years) (Radio Edit);Luis_Fonsi-Despacito_(Maribellos_Wiggle It Bootleg);Saturday Night
Alors On Danse;Hello (Club Edit) [Club Edit]/Club Edit;Can't Stop The Feeling! (Erick Decks Club Rework);Loin (Pilule Violette);Sch|ttel deinen Speck;Ticket;Dished (Male Stripper);Geh nicht weg (Blondee Remix);Everybody (Backstreet's Back) [Radio Edit]/Radio Edit;Destination Calabria [Club Mix]/Club Mix
Sing Hallelujah!;Moves Like Jagger [Studio Recording From The Voice Performance]/Studio Recording From The Voice Performance;One Kiss (Denis First & Reznikov Remix) [Extended Mix] (promodj.com);Mi Gente;Welcome To St. Tropez [feat. Kalenna] [DJ Antoine Vs. Mad Mark Remix]/DJ Antoine Vs. Mad Mark Remix;Came Here for Love;Liquid Spirit - Claptone Remix;Paradise;Sch|ttel deinen Speck;Summer (Extended Mix)
Insomnia [Monster Mix]/Monster Mix;Wasted Love (Clean Extended);Welcome To St. Tropez [feat. Kalenna] [DJ Antoine Vs. Mad Mark Remix]/DJ Antoine Vs. Mad Mark Remix;Get Busy (HH Clean Intro);Levels The Good Feeling (DJ EU Bootleg QH);Show You Love;Stayin' Alive - GRAYMATTER Remix;Clocks (Cristian Poow Nu Disco Remix) (Extended);Con Calma;My Heart Goes Boom - Extended Mix
Lovefool (Extended Mix);I Gotta Feeling;Levels [Original Version]/Original Version;Crazy In Love (Jim Craane Extended Mix);Conga;Good Morning - Just Kiddin Remix;Lady (Hear Me Tonight) - Darren After Remix;Sun Goes Down (feat. Jasmine Thompson) (Extended Vocal Mix);Crazy In Love (Jim Craane Extended Mix);ODE TO T.N.T (BEKAY BOOTLEG)
Crazy In Love;The Rhythm of the Night - Extended Mix;Let's Get Loud;Gasolina (BPM Supreme Slam Edit) (Clean Short Edit);One Kiss (Denis First & Reznikov Remix) [Extended Mix] (promodj.com);Ein Teil von meinem Herzen - Wedding Edition;Years (Vocal Extended Mix);Narcotic (You're Not Us Remix);Belly Dancer;TNT
No Games;Infinity 2018 - Extended Mix;Everybody (Backstreet's Back) [Radio Edit]/Radio Edit;Yeah!;James Hype feat. Kelli-Leigh - More Than Friends (Denis First Remix);Andreas Bourani -  Auf uns (New Cut);Good Morning - Just Kiddin Remix;Anthem;Moves Like Jagger [Studio Recording From The Voice Performance]/Studio Recording From The Voice Performance;Without Me (Intro Dirty)
Drop It Like It's Hot;Born This Way;Sch|ttel deinen Speck;Polonäse Blankenese;Ohne mein Team;PHOTOGRAPH (RO´S REMIX EDIT 2K15);Perfect Duet (Ed Sheeran & Beyoncé);We Are The Champions;Billie Jean (Clean);Don't You (Forget About Me)
Single Ladies (Put A Ring On It);Rain Over Me;Friday (Dopamine Re-Edit - PeteDown Transition 100-123) (Clean);Libertine [Radio Edit]/Radio Edit;Temperature [Album Version]/Album Version;Can't Stop The Feeling! (Erick Decks Club Rework);Shut Up And Dance (Avalonn Quick Edit);Pepas;Single Ladies (Put A Ring On It);Everything Counts (Single Version) (2006 Digital Remaster)
Thrift Shop;Sunny (JEKEY Quantized & Remastered Edit) (Clean);Mi Gente;Layla;Low (BPM Supreme Slam Edit) (Clean Extended);"Don't Stop 'Til You Get Enough (Dj ""S"" Bootleg Dance Remix)";Can't Stop The Feeling! (Erick Decks Club Rework);Fireflies (HH Clean Intro);Shake It Off;Can't Stop The Feeling! (Erick Decks Club Rework)
You Can Leave Your Hat On;And The Beat Goes On (JEKEY Quantized & Remastered Edit) (Clean);Gasolina (BPM Supreme Slam Edit) (Clean Short Edit);Dicht im Flieger;Sing Hallelujah!;September (Intro Clean);"Don't Stop 'Til You Get Enough (Dj ""S"" Bootleg Dance Remix)";I Don't Care (with Justin Bieber);Blinding Lights (BPM Supreme Break Intro) (Clean Extended);"Don't Stop 'Til You Get Enough (Dj ""S"" Bootleg Dance Remix)"
Sunglasses At Night [Club Mix]/Club Mix;Billie Jean (Clean);Crazy In Love (Jim Craane Extended Mix);Apache 207 - Roller (Intro);Dynoro &  Gigi D'Agostino vs. Dzeko & Torres - In My Mind vs. L_amour Toujours (Crunkz Mashup);Let's Get Loud;Treasure (Cosmic Dawn Radio Edit);Levitating (Intro Clean);Happy Birthday;Uptown Funk
Let Me Think About It [Club Mix];Blurred Lines;Atemlos durch die Nacht (Bassflow Extended Main Remake);Temperature [Album Version]/Album Version;Ferrari;Danza Kuduro;Let's Get Loud;Midnight City (Clean);Played-A-Live (The Bongo Song);Augenbling (128 DJ Tobi Schagen Transition)
Layla;Geiles Leben (Madizin Single Mix);Party Mix I;One Kiss (Denis First & Reznikov Remix) [Extended Mix] (promodj.com);Macarena;Pepas x Danza kuduro;Danza Kuduro;Ain't Nobody (Double A ReDrum) (Clean Short);Do It To It;Mundian To Back Ke
Dicht im Flieger;Absolutely Everybody;Temperature [Album Version]/Album Version;James Hype feat. Kelli-Leigh - More Than Friends (Denis First Remix);Senorita;Sing Hallelujah!;Pepas x Danza kuduro;All Night Long (Heavy Hits Quantized Edit) (Clean Short);Macarena;Yeah (Tobi S. Ultramix Extended) 105bpm
Poker Face;On The Floor;James Hype feat. Kelli-Leigh - More Than Friends (Denis First Remix);Taki Taki (with Selena Gomez, Ozuna & Cardi B);Copacabana (DJ BLIZZ MIXSHOW);Atemlos durch die Nacht (Bassflow Extended Main Remake);Luis_Fonsi-Despacito_(Maribellos_Wiggle It Bootleg);24K Magic;Aserejé;Personal Jesus (Remastered Version)
Personal Jesus (Remastered Version);Everybody (Backstreet's Back) [Radio Edit]/Radio Edit;One Dance;Like Glue (HH Clean Intro);Phänomenal;One Kiss (Denis First & Reznikov Remix) [Extended Mix] (promodj.com);Everybody (Backstreet's Back) [Radio Edit]/Radio Edit;And The Beat Goes On (JEKEY Quantized & Remastered Edit) (Clean);DJ Got Us Fallin In Love (BPM Supreme Slam Edit) (Clean Extended);Don't Go
I Wanna Dance With Somebody (Remastered: 2000);Let's Get Loud;Yeah (Tobi S. Ultramix Extended) 105bpm;Augenbling (G-Point`s Intro);Taki Taki (with Selena Gomez, Ozuna & Cardi B);Welcome To St. Tropez [feat. Kalenna] [DJ Antoine Vs. Mad Mark Remix]/DJ Antoine Vs. Mad Mark Remix;Sch|ttel deinen Speck;Oxygen (Clean Extended);Gimme! Gimme! Gimme! (A Man After Midnight) (Short Edit);Can't Get Blue Monday Out Of My Head
Verlieben, Verloren, Vergessen, Verzeih'n;Can't Stop The Feeling! (Erick Decks Club Rework);Con Calma;Gimme! Gimme! Gimme! (A Man After Midnight) (Short Edit);Party Mix I;Levels [Original Version]/Original Version;Crazy In Love (Jim Craane Extended Mix);The Bad Touch;I Wanna Dance With Somebody (Remastered: 2000);"Enjoy The Silence [7"" Version]"
1000 Träume Weit (Tornero);Layla;Taki Taki (with Selena Gomez, Ozuna & Cardi B);Conga;Bella Ciao Hugel Rip.128;Head & Heart (Clean Extended);Party Mix I;Unterwegs;Friday (Dopamine Re-Edit - PeteDown Slam Edit) (Clean);Volare (Nel blu di pinto Di blu)
Warum hast du nicht nein gesagt (Club Mix);Played-A-Live (The Bongo Song);Aserejé;Lost Frequencies - Where Are You Now (FÄT TONY Remix);Bad (feat. Vassy) (Original Mix);Conga;Hulapalu (Harris & Ford Extended Mix);Let's Get Loud;Bad (feat. Vassy) (Original Mix);Let's Get Loud
Atemlos durch die Nacht (Bassflow Extended Main Remake);Can't Stop The Feeling! (Erick Decks Club Rework);Suavemente;Pepas - Robin Schulz Remix;Sandstorm (DJcity Short Edit);Gimme! Gimme! Gimme! (A Man After Midnight) (Short Edit);Welcome To St. Tropez [feat. Kalenna] [DJ Antoine Vs. Mad Mark Remix]/DJ Antoine Vs. Mad Mark Remix;Danza Kuduro;Mammoth;Danza Kuduro
Mein Herz;"Don't Stop 'Til You Get Enough (Dj ""S"" Bootleg Dance Remix)";Layla;Love Don't Let Me Bad (DJ B-Boy Bootleg);Bla Bla Bla;Let's Twist Again (Re-Recorded);Levels [Original Version]/Original Version;Pepas x Danza kuduro;Wombass (Extended Mix);Pepas x Danza kuduro
Gimme! Gimme! Gimme! (A Man After Midnight) (Short Edit);Treasure (Cosmic Dawn Radio Edit);Dicht im Flieger;Macarena (Tobi Schagen Bootleg);Party Rock Anthem;Senorita;We No Speak Americano [Original]/Original;Luis_Fonsi-Despacito_(Maribellos_Wiggle It Bootleg);Lola Get Down (DREZZ Mashup) (Clean Extended);Don't Stop Me Now
Apache 207 - Roller (Intro);September (Intro Clean);Summer (Extended Mix);Party Mix I;Hit the road jack vs Get down (Madritano Mashup);Copacabana (DJ BLIZZ MIXSHOW);Bella Ciao Hugel Rip.128;Senorita;Low (BPM Supreme Slam Edit) (Clean Extended);Ruhrgebiet
Ohne mein Team;Sing Hallelujah!;Zusammen feat. Clueso (feat. Clueso) - Extended;Desenchantée [Radio Edit]/Radio Edit;Bad Roller Memories (Mashup-Germany Edit);Ferrari;Love Don't Let Me Bad (DJ B-Boy Bootleg);"Don't Stop 'Til You Get Enough (Dj ""S"" Bootleg Dance Remix)";I Know You Want Me (calle ocho) [Extended]/Extended;Hit The Road Jack (JEKEY Quantized & Remastered Edit) (Clean Short)
Bad (feat. Vassy) (Original Mix);Welcome To St. Tropez [feat. Kalenna] [DJ Antoine Vs. Mad Mark Remix]/DJ Antoine Vs. Mad Mark Remix;Ding;Thrift Shop;Hollaback Too Much (David Puentez Mashup) (Dirty Extended);Move Your Body - MFresh Ferrari Toneplay Edit (Short Edit);Sing Hallelujah!;Treasure (Cosmic Dawn Radio Edit);Be Faithful (128 to 101 BPM DJ Tobi Schagen Transition);Move Your Body - MFresh Ferrari Toneplay Edit
Lost Frequencies - Where Are You Now (FÄT TONY Remix);Levels [Original Version];Conga;Null auf 100 - dB Extended Remix;Boom Boom Pow Remix feat. Fatman Scoop & LMFAO;Mammoth;Baby one more time;One Kiss (with Dua Lipa);Yeah (Tobi S. Ultramix Extended) 105bpm;I Was Made For Lovin' You
Pepas - Robin Schulz Remix;Shut Up And Dance (Avalonn Quick Edit);Apache 207 - Roller (Eskei83 Show Me Love Bootleg);Warum hast du nicht nein gesagt (Club Mix);Do It To It;Temperature [Album Version]/Album Version;Senorita;Shut Up And Dance (Avalonn Quick Edit);Watch Out For this [Bumaye] (DJ B-Boy PartyBreak - Transition 128 - 108 BPM);Westerland
Sandstorm (DJcity Short Edit);Sch|ttel deinen Speck;Ohne mein Team;Party Mix III;Love Is Gone (Fred Riester & Joachim Garraud Rm);Low (BPM Supreme Slam Edit) (Clean Extended);Copacabana (DJ BLIZZ MIXSHOW);Welcome To St. Tropez [feat. Kalenna] [DJ Antoine Vs. Mad Mark Remix]/DJ Antoine Vs. Mad Mark Remix;Copacabana (DJ BLIZZ MIXSHOW);Billie Jean (Clean)
Kölsch x Jax Jones - You Don't Know Grey (David Puentez Mashup) Intro Parookaville 2019;Crazy In Love (Jim Craane Extended Mix);Macarena;Party Mix I;Single Ladies (Put A Ring On It);Apache 207 - Roller (Intro);Apache 207 - Roller (DJ Dado 104-128 Transition);Levels [Original Version]/Original Version;Phänomenal;Self Control
Low (BPM Supreme Slam Edit) (Clean Extended);WannaBe (Radio Edit);Copacabana (DJ BLIZZ MIXSHOW);Played-A-Live (The Bongo Song);Watch Out For this [Bumaye] (DJ B-Boy PartyBreak - Transition 128 - 108 BPM);Rock This Party (Club Mix);Low (BPM Supreme Slam Edit) (Clean Extended);Sing Hallelujah!;Mambo No. 5 (A Little Bit Of...);Insomnia [Monster Mix]/Monster Mix
Gold Digger;Taki Taki (with Selena Gomez, Ozuna & Cardi B);Breaking Free - High School Extended Mix;Layla;Police Man (Kaos VIP Hype Edit) (Clean);Belly Dancer;Ferrari;Sch|ttel deinen Speck;Layla;Lovefool (Extended Mix)
In Da Club [Album Version (Explicit)]/Album Version (Explicit);Luis_Fonsi-Despacito_(Maribellos_Wiggle It Bootleg);Sing Hallelujah!;Can't Hold Us;Get Busy;Jein;Move Your Body - MFresh Ferrari Toneplay Edit (Short Edit);Crazy In Love (Jim Craane Extended Mix);Dicht im Flieger;Head Shoulders Knees & Toes (Clean Extended)
Party Rock Anthem;Dicht im Flieger;Insomnia [Monster Mix]/Monster Mix;Boom Boom;Tamam Tamam (DJ BLIZZ MIXSHOW);Everybody (Backstreet's Back) [Radio Edit]/Radio Edit;Do It To It;Move Your Body - MFresh Ferrari Toneplay Edit (Short Edit);Mama Laudaaa;Apache 207 - Roller (Intro)
Paradise;Der Zug hat keine Bremse - Mallorcastyle Edition;Played-A-Live (The Bongo Song);Sky And Sand;Layla;Sch|ttel deinen Speck;Wannabe (El Bee x Chunky Dip x Jesse James Bootleg);One More Time (Capital People Remix) (Clean Extended);Boom Boom;The Rhythm of the Night - Extended Mix
Monster;Boom Boom;Rhythm Is A Dancer;Sonnentanz [Original Version];Dicht im Flieger;Crazy In Love (Jim Craane Extended Mix);WannaBe (Radio Edit);Bella Ciao Hugel Rip.128;Can't Hold Us;Infinity 2018 - Extended Mix
Remmidemmi (Yippie Yippie Yeah);Party Mix I;For You;Move Your Ass! - Noisecontrollers Remix;500 PS;Gasolina (BPM Supreme Slam Edit) (Clean Short Edit);Tearin' Up My Heart;Hallihallo (Harris & Ford Extended Mix);Verlieben, Verloren, Vergessen, Verzeih'n;SHM - 5 Track Minimix (5 Minute Version) 16 Bit MASTER
Sch|ttel deinen Speck;Hulapalu (Harris & Ford Extended Mix);Danza Kuduro;Breaking Free (Highschool Musical) Extended Mix;Can't Hold Us;Augenbling (G-Point`s Intro);Superjeilezick;Sky And Sand;1000 Träume Weit (Tornero);Moth To A Flame (DJcity Intro)
Senorita;Losing It;Pepas x Danza kuduro;On Repeat;Sport (Intro);Yeah (Tobi S. Ultramix Extended) 105bpm;Was für eine geile Zeit;James Hype feat. Kelli-Leigh - More Than Friends (Denis First Remix);Party Mix I;Just Can't Get Enough (Remastered Version)
Easy;GAYLE - ABCDEFU (FÄT TONY & MEDUN REMIX);Let's Get Loud;Love Tonight - Edit;Shake It Off;I'm Good (Blue) (Intro - Clean);Moves Like Jagger [Studio Recording From The Voice Performance]/Studio Recording From The Voice Performance;Friday (Dopamine Re-Edit) (Clean Extended);Wir sagen danke schön;Layla
Bella Donna;Lost Frequencies - Where Are You Now (FÄT TONY Remix);On The Floor;Because You Move Me;Can't Hold Us;Lost Frequencies - Where Are You Now (FÄT TONY Remix);Billie Jean (Clean);Insomnia [Monster Mix]/Monster Mix;Sky And Sand;Hulapalu (Harris & Ford Extended Mix)
Macarena (Tobi Schagen Bootleg);On My Mind (Denis First Remix) [Extended Mix] (promodj.com);Can't Hold Us;Because You Move Me - Extended Mix;Niggas In Paris (DJ AndOne Scratch In Edit) (Dirty);Pepas - Robin Schulz Remix;Gimme! Gimme! Gimme! (A Man After Midnight) (Short Edit);Billie Jean (Clean);Outlines (Radio Edit);Party Mix I
Played-A-Live (The Bongo Song);1, 2, 3;Boom Boom;Chunky;Türlich, Türlich (sicher, Dicker);Sandstorm (DJcity Short Edit);Ding;Watch Out For this [Bumaye] (DJ B-Boy PartyBreak - Transition 128 - 108 BPM);Pjanoo [Original Club Mix]/Original Club Mix;Wildberry Lillet - FEIER & EIS Remix
Bailando;Low (BPM Supreme Slam Edit) (Clean Extended);Hulapalu (Harris & Ford Extended Mix);500 PS (DJ BLIZZ MIXSHOW);Boom Boom;Last Resort [Album Version (Ex)]/Album Version (Ex);DJ Got Us Fallin In Love (BPM Supreme Slam Edit) (Clean Extended);Everybody (Backstreet's Back) [Radio Edit]/Radio Edit;Tobi Schagen;Clocks (Oli Hanson Remix) (Extended)
Wir sagen danke schön;Temperature [Album Version]/Album Version;Feierabend;Casanova (DJ Blizz Mixshow);We Like To Party!;Red Flag;Party Rock Anthem;Atemlos durch die Nacht (Bassflow Extended Main Remake);;Another Love - Zwette Edit
Wahnsinn;I Know You Want Me (calle ocho) [Extended]/Extended;"Don't Stop 'Til You Get Enough (Dj ""S"" Bootleg Dance Remix)";10von10 (DJ CASHESCLAY & DJ MASTABLAZE);WannaBe (Radio Edit);Smells Like Teen Spirit;Lola Get Down (DREZZ Mashup) (Clean Extended);I'm Good (Blue) (Intro - Dirty);;Sky and Sand Sonnentanz Porcelain 120BPM to 95BPM
What Is Love;Rock This Party (Club Mix);Blinding Lights;Bläulich;I Want It That Way;In Da Club (BPM Supreme Slam Edit) (Dirty Extended);Monster;Gimme! Gimme! Gimme! (A Man After Midnight) (Short Edit);;Wonderful Dream (Holidays Are Coming) [Radio Version]/Radio Version
Rock This Party (Club Mix);Ohne mein Team;Don't Stop Me Now;Ohne mein Team;Tearin' Up My Heart;Drop It Like It's Hot;Tsunami;Ride it (New Cut);;
Sky And Sand;Apache 207 - Roller (Intro);Titanium (feat. Sia);Survivor;Polonäse Blankenese;Layla;Atemlos durch die Nacht (Bassflow Extended Main Remake);Don't You (Forget About Me);;
Sonnentanz [Original Version];Monster;Everybody (Backstreet's Back) [Radio Edit]/Radio Edit;Praise You [Full Version]/Full Version;Layla (Felix Harrer Bootleg) 2;Cordula Grün;Verlieben, Verloren, Vergessen, Verzeih'n;enjoy the classics;;
In Your Arms (For An Angel);Mammoth;Wanna Be (Extended);EASY X FELIX JAEHN REMIX;8 (Giorno Bootleg Mix);Party Mix I;Single Ladies (Put A Ring On It);Kernkraft 400;;
Your Love (9PM) (Clean Extended);Mr. Brightside;;Ferrari;Disco Pogo (Atzen Musik Mix);Verlieben, Verloren, Vergessen, Verzeih'n;Wildberry Lillet (DJcity Intro);Weekend (Natan Remix);;
Pony;Red Flag;;Belly Dancer;Ding;Polka, Polka, Polka;Candy Shop;Lovefool (Extended Mix);;
Shikidim;Last Resort [Album Version (Ex)]/Album Version (Ex);;Head & Heart (Clean Extended);Paradise;Leev Marie;Talk Dirty (Super Clean Edit);Love Don't Let Me Bad (DJ B-Boy Bootleg);;
Watch Out For this [Bumaye] (DJ B-Boy PartyBreak - Transition 128 - 108 BPM);Ding;;Vergeben Vergessen Und Wieder Vertrau'n;Monster;Wir sagen danke schön;Gasolina (Kaos VIP Bumaye Bootleg) (Clean);;;
My Humps;DJ Got Us Fallin' In Love;;In Da Club [Album Version (Explicit)]/Album Version (Explicit);King Of My Castle (Don Diablo Edit) (Extended Mix);Aloha Heja He;Layla;;;
DJ Got Us Fallin In Love (BPM Supreme Slam Edit) (Clean Extended);Love Tonight - Edit;;Madonna (HH Dirty Intro);Pepas - Robin Schulz Remix;Macarena;Dicht im Flieger;;;
Mr. Brightside;Because You Move Me;;Wohin Willst Du;Palmen aus Plastik;Gangnam Style;Major Tom (Voellig Losgeloest);;;
Party Mix I;Ich schwanke noch;;You Will Never Walk Alone (-5.7 DJ Tobi Schagen Wedding Cut);Blackout (DJ Blizz Mixshow);Insomnia [Monster Mix]/Monster Mix;Get Lucky;;;
Layla;Layla;;Angels;Hotel;Played-A-Live (The Bongo Song);Bad Habits (Intro Clean);;;
Anton Aus Tirol (Party Mix);Saufi Saufi;;Infinity;No Games;Hound Dog;Aloha Heja He;;;
You're My Heart, You're My Soul [New Version]/New Version;Copacabana (DJ BLIZZ MIXSHOW);;;Yeah (Tobi S. Ultramix Extended) 105bpm;Greased Lightning;Warum hast du nicht nein gesagt (Club Mix);;;
Conga;La Cintura (New Cut);;;Candy Shop (JEKEY Light It Up Bootleg) (Dirty);Don't Stop Me Now;Er gehört zu mir;;;
Billie Jean (Clean);Vagabund (DJ BLIZZ MIXSHOW);;;Der Zug hat keine Bremse - Mallorcastyle Edition;Like the Way I Do;Ti Amo;;;
Freed from desire;Was Du Liebe nennst;;;Anton Aus Tirol (Party Mix);Tearin' Up My Heart;Wir sagen danke schön;;;
;Mary;;;Pjanoo;Taki Taki (with Selena Gomez, Ozuna & Cardi B);One Kiss (Denis First & Reznikov Remix) [Extended Mix] (promodj.com);;;
;Shake It Off;;;Call On Me;Turn Me On (Intro Dirty);I Know You Want Me (calle ocho) [Extended]/Extended;;;
;Crazy What Love Can Do;;;Cinderella;Phänomenal;P.I.M.P. (DEAN-E-G Remix) (HH Dirty Short);;;
;Lovefool (Extended Mix);;;Macarena (New Cut);Luis_Fonsi-Despacito_(Maribellos_Wiggle It Bootleg);Sandstorm (DJcity Short Edit);;;
;Atemlos durch die Nacht (Bassflow Extended Main Remake);;;Bella Donna;Mas Que Nada;Boom Boom Pow Remix feat. Fatman Scoop & LMFAO;;;
;Verlieben, Verloren, Vergessen, Verzeih'n;;;Dickes B (Album-Version);Can't Hold Us;Bück Dich Hoch;;;
;Sugar (feat. Francesco Yates) (Extended Mix);;;Alles neu (Album Version) [Album Version]/Album Version;Dickes B (Album-Version);Insomnia [Monster Mix]/Monster Mix;;;
;Astronomia 2K19 (Extended Mix);;;Dirrty;Hulapalu (Harris & Ford Extended Mix);Played-A-Live (The Bongo Song);;;
;Kernkraft 400;;;What Is Love;Wahnsinn;What Is Love;;;
;Pump It Up - Extended Mix;;;Ohne mein Team;Belly Dancer;Macarena;;;
;Chunky;;;Apache 207 - Roller (Intro);Monster;Der Zug hat keine Bremse - Mallorcastyle Edition;;;
;Trouble (Club Mix);;;500 PS;Get Down (Kerry Glass 'Stronger' Bootleg) (Clean);Anton Aus Tirol (Party Mix);;;
;Talamanca;;;Tamam Tamam;Love Is Gone (Fred Riester & Joachim Garraud Rm);Anton Megamix;;;
;Florida Lady [Original]/Original;;;Gummibärenbande;Angels;Niggas In Paris (DJ AndOne Scratch In Edit) (Dirty);;;
;"Let It Go - From ""Frozen""/Soundtrack Version";;;Pokemon Theme Bootleg Remix;Wonderwall;Can't Hold Us;;;
;Breaking Free (Highschool Musical) Extended Mix;;;Yallah Goodbye (DJ Mighty Hype Intro) (Dirty);Wildberry Lillet (DJcity Intro);Was Du Liebe nennst;;;
;We're All In This Together (Remix);;;Ya Salam;Ich Darf Das (DJCity Intro);Blue (Da Be Dee);;;
;Bück Dich Hoch;;;Loredana & Mozzik - Romeo & Juliet (DJ Serg Re-Drum);;Daddy Cool (Intro Clean);;;
;Party Rock Anthem;;;Aloha Heja He;;Rasputin (HH Clean Short);;;
;Hit the road jack vs Get down (Madritano Mashup);;;;;Tobi Schagen;;;
;One (Original Mix);;;;;Barbra Streisand [Original Mix]/Original Mix;;;
;One (Your Name) (Vocal Mix) [feat. Pharrell] [Vocal Mix]/Vocal Mix;;;;;Rhythm Is A Dancer;;;
;Love Is Gone (Fred Riester & Joachim Garraud Rm);;;;;Jein;;;
;Summer (Extended Mix);;;;;Quit Playing Games (With My Heart);;;
;Levels [Original Version];;;;;Layla;;;
;Let Me Think About It [Club Mix];;;;;Ich schwanke noch;;;
;Gasolina (BPM Supreme Slam Edit) (Clean Short Edit);;;;;Johnny Dapp;;;
;Watch Out For this [Bumaye] (DJ B-Boy PartyBreak - Transition 128 - 108 BPM);;;;;Mallorca (Da bin ich daheim);;;
;Policeman (Original Mix);;;;;It's Raining Men;;;
;Jump Around (Isaac Jordan Scratch In Edit) (Dirty);;;;;Don't Stop Me Now;;;
;Mein Block [RMX]/RMX;;;;;Polka, Polka, Polka;;;
;Cruisen;;;;;Leev Marie;;;
;Without Me (Intro Dirty);;;;;Guten Morgen Barbarossaplatz;;;
;Papaya;;;;;Angels;;;
;Toni Der Rodelkönig;;;;;Wonderwall;;;
;Disco Pogo (Atzen Musik Mix);;;;;Verdammt Ich Lieb Dich;;;
;Florida Lady [Original]/Original;;;;;Party Mix I;;;
;Explode (Epic Extended Mix);;;;;Wahnsinn;;;
;Sandstorm;;;;;Nur mit Dir;;;
;Dimitri_Vegas_Like_Mike_Martin_Garrix_Tremor_;;;;;Vamos a Marte (feat. Luis Fonsi);;;
;We Like To Party (Trap Remix);;;;;Pepas;;;
;Champagne Showers;;;;;Heads Will Roll (A-Trak Remix);;;
;"Gettin' Over You (Featuring Fergie & LMFAO;Extended)";;;;;Die Eine 2005;;;
;Wir sagen danke schön;;;;;Alles neu (Album Version) [Album Version]/Album Version;;;
;;;;;;Schüsse in die Luft;;;
;;;;;;Phänomenal;;;
;;;;;;"Der Ewige Kreis (aus ""Der König der Löwen""/Deutscher Original Film-Soundtrack)";;;
;;;;;;Cotton Eye Joe;;;
;;;;;;The Spirit Of The Hawk (F.A.F. Radio Mix);;;
;;;;;;Porcelain;;;
;;;;;;Weekend! (Live in Hamburg) [Live in Hamburg]/Live in Hamburg;;;
